material,energy,delta,beta
C,10,4.154926251209902e-06,4.482570440424688e-09
O,10,2.977826727846308e-09,8.11479089348368e-12
Au,10,2.9772005470345502e-05,2.17739689566244e-06
Si,10,4.887681710787822e-06,7.561366075448438e-08
C,11,3.4326608950264273e-06,3.1097181810914285e-09
O,11,2.459419045828229e-09,5.549528052834362e-12
Au,11,2.419666623899558e-05,1.5439872239533954e-06
Si,11,4.032635218369391e-06,5.173676624924872e-08
C,12,2.883618107650594e-06,2.2486171041373973e-09
O,12,2.065519853716605e-09,3.936690083555414e-12
Au,12,1.8857077059661633e-05,2.8932817277312446e-06
Si,12,3.3835985617967872e-06,3.662663235931045e-08
C,13,2.4565176873292853e-06,1.6831757179542456e-09
O,13,1.7592193531224443e-09,2.882812261534502e-12
Au,13,1.7369968111443902e-05,2.147183939034663e-06
Si,13,2.879452672590012e-06,2.668172836371199e-08
C,14,2.1177476810952587e-06,1.2982480580659247e-09
O,14,1.5163443995893482e-09,2.1697412657970494e-12
Au,14,1.4788108165364963e-05,2.2717573184545674e-06
Si,14,2.4801735191772677e-06,1.9917420044273784e-08
C,15,1.844526919673792e-06,1.02806318268818e-09
O,15,1.3205179413132301e-09,1.6728595863752413e-12
Au,15,1.331484474579784e-05,2.0488485627695874e-06
Si,15,2.1585581932077097e-06,1.5185539117521245e-08
C,16,1.6209707574408804e-06,8.331835684788751e-10
O,16,1.16032620084176e-09,1.3175985405726382e-12
Au,16,1.2015735459369372e-05,1.6300254950850704e-06
Si,16,1.895697326094528e-06,1.1794090300843175e-08
C,17,1.4357315341592565e-06,6.891078519058797e-10
O,17,1.0276180593896251e-09,1.0576813544883615e-12
Au,17,1.0791186049582101e-05,1.3138629043899483e-06
Si,17,1.6781025150504427e-06,9.310679583087715e-09
C,18,1.280526609779736e-06,5.80178950270066e-10
O,18,9.164466329025569e-10,8.635395951582958e-13
Au,18,9.704947445408284e-06,1.071840530185607e-06
Si,18,1.495947103734509e-06,7.457379493100077e-09
C,19,1.149196607188574e-06,4.961046811638692e-10
O,19,8.223909237548346e-10,7.15746067348155e-13
Au,19,8.753341111890906e-06,8.83696618483375e-07
Si,19,1.3419313815918192e-06,6.050681036878426e-09
C,20,1.0370834377142507e-06,4.302989707806811e-10
O,20,7.421084180095833e-10,6.015953159233558e-13
Au,20,7.924798876466541e-06,7.356385656861569e-07
Si,20,1.2105430454480009e-06,4.967396633790482e-09
C,21,9.406126786214471e-07,3.7824837763293244e-10
O,21,6.730355702590976e-10,5.124639068787064e-13
Au,21,7.200028511335797e-06,6.181270815780993e-07
Si,21,1.0975564554009716e-06,4.122585665077365e-09
C,22,8.570039623599327e-07,3.359106791234245e-10
O,22,6.131782786257449e-10,4.413137008159068e-13
Au,22,6.566105267955388e-06,5.237691391054521e-07
Si,22,9.99691248310568e-07,3.454371631505097e-09
C,23,7.84068488179476e-07,3.0092887792300474e-10
O,23,5.609669873679274e-10,3.836656080459432e-13
Au,23,6.012181693499318e-06,4.4720823898739357e-07
Si,23,9.143618905583304e-07,2.919528617666369e-09
C,24,7.200629392077406e-07,2.724806894947843e-10
O,24,5.151518821592798e-10,3.3736755303077124e-13
Au,24,5.527143363692147e-06,3.844405961719385e-07
Si,24,8.395131649895897e-07,2.489069290031108e-09
C,25,6.635875766801666e-07,2.483090372260756e-10
O,25,4.747298744184434e-10,2.9891442155888267e-13
Au,25,5.096414351820292e-06,3.32537165283643e-07
Si,25,7.734971369464432e-07,2.137560956452661e-09
C,26,6.135053337705574e-07,2.2780266943639326e-10
O,26,4.3888609505563963e-10,2.669097693340207e-13
Au,26,4.7144242596167875e-06,2.8929090183533045e-07
Si,26,7.149766557966809e-07,1.8485012510388979e-09
C,27,5.688866036897102e-07,2.1034611271950075e-10
O,27,4.0695433447278646e-10,2.4008302186740215e-13
Au,27,4.372660075435783e-06,2.523569665829963e-07
Si,27,6.628555212270094e-07,1.606756380195327e-09
C,28,5.289645650644084e-07,1.9501260451845353e-10
O,28,3.7838535045451914e-10,2.1701954793523873e-13
Au,28,4.0667499929603325e-06,2.210373554814309e-07
Si,28,6.162363180492923e-07,1.4035903111974588e-09
C,29,4.931022352124731e-07,1.8196745940629704e-10
O,29,3.5272281805554234e-10,1.9773110393502953e-13
Au,29,3.7911232413701482e-06,1.9416749914435615e-07
Si,29,5.743677249787774e-07,1.2335030100984768e-09
C,30,4.607674231583337e-07,1.7024685060881368e-10
O,30,3.295855566343989e-10,1.8079106603715603e-13
Au,30,3.542404178044925e-06,1.7129071060422624e-07
Si,30,5.366275503623754e-07,1.0888975598685127e-09
C,31,4.315119095143075e-07,1.601860879429062e-10
O,31,3.0865260782028573e-10,1.6656207658389904e-13
Au,31,3.3170159277382413e-06,1.5176348592699147e-07
Si,31,5.02488956868399e-07,9.673416887276878e-10
C,32,4.04957069308529e-07,1.5101902988593757e-10
O,32,2.896526865494467e-10,1.538629383961686e-13
Au,32,3.1121324356171294e-06,1.3498052529498924e-07
Si,32,4.715081432530436e-07,8.626182543404049e-10
C,33,3.8078023697087637e-07,1.4302611686964026e-10
O,33,2.7235479927636754e-10,1.4303466085577698e-13
Au,33,2.925556533135023e-06,1.2054572232059908e-07
Si,33,4.4330779671573396e-07,7.736782102904449e-10
C,34,3.5870574656188226e-07,1.3571034562346415e-10
O,34,2.5656159321293705e-10,1.3330591384831316e-13
Au,34,2.754900054487128e-06,1.0802349904233059e-07
Si,34,4.175637934893112e-07,6.963088952443018e-10
C,35,3.3849677417652804e-07,1.291836817553905e-10
O,35,2.4210346036805766e-10,1.2482500977464467e-13
Au,35,2.598647371016196e-06,9.714819498345076e-08
Si,35,3.939998644200121e-07,6.296878929541238e-10
C,36,3.199487368878299e-07,1.2322953554955985e-10
O,36,2.2883402373308833e-10,1.1723155184769254e-13
Au,36,2.4551646012555905e-06,8.764368859081568e-08
Si,36,3.7237567325336606e-07,5.714743327516669e-10
C,37,3.0288457866356477e-07,1.1777890996962953e-10
O,37,2.166264717282415e-10,1.1041112445411932e-13
Au,37,2.3232267759852593e-06,7.930592567631773e-08
Si,37,3.5248484740542443e-07,5.204769566270694e-10
C,38,2.871500566105719e-07,1.1285008618023709e-10
O,38,2.053703985263954e-10,1.0437943151959842e-13
Au,38,2.201496400138847e-06,7.197696843181852e-08
Si,38,3.341464454671219e-07,4.760286565349946e-10
C,39,2.726106073290851e-07,1.0824766543348739e-10
O,39,1.9496950975008606e-10,9.882135526886473e-14
Au,39,2.088986906043389e-06,6.54900629841644e-08
Si,39,3.172034262223338e-07,4.3638697067784435e-10
C,40,2.591481560427565e-07,1.0407275117123898e-10
O,40,1.8533925800451395e-10,9.390008206120992e-14
Au,40,1.984797678771005e-06,5.975444163205365e-08
Si,40,3.0151709643420763e-07,4.014461130903173e-10
C,41,2.466588883222733e-07,1.0018618941991957e-10
O,41,1.7640532688226988e-10,8.938476798502464e-14
Au,41,1.8882544378112117e-06,5.4649949003745676e-08
Si,41,2.869669616410485e-07,3.7017943427343864e-10
C,42,2.3505125761945201e-07,9.654489086328232e-11
O,42,1.6810223996237072e-10,8.520809594884388e-14
Au,42,1.798467897462839e-06,5.009168877063826e-08
Si,42,2.7344544782443274e-07,3.421117308562508e-10
C,43,2.2424413250110036e-07,9.321669447947021e-11
O,43,1.603718434499503e-10,8.149138458032606e-14
Au,43,1.715006705587763e-06,4.602833203576686e-08
Si,43,2.608576579415724e-07,3.1755119441018187e-10
C,44,2.1416560402351356e-07,9.007585143263144e-11
O,44,1.5316274498839933e-10,7.801674748072482e-14
Au,44,1.6371865842104184e-06,4.2376929322372365e-08
Si,44,2.4911983100266484e-07,2.9525915760864293e-10
C,45,2.0475160176821774e-07,8.712587589713684e-11
O,45,1.4642911305753814e-10,7.479382831207237e-14
Au,45,1.564502724003458e-06,3.909123352132746e-08
Si,45,2.3815713922838727e-07,2.751431743488645e-10
C,46,1.959449428660689e-07,8.439935222143346e-11
O,46,1.401299474051156e-10,7.187983688012176e-14
Au,46,1.4965536188750955e-06,3.613644218411023e-08
Si,46,2.2790236218378623e-07,2.573614673736656e-10
C,47,1.8769451298182817e-07,8.181407787883474e-11
O,47,1.3422872543057718e-10,6.913844156769637e-14
Au,47,1.432909472055507e-06,3.346150961490728e-08
Si,47,2.1829618503538286e-07,2.4107508942646797e-10
C,48,1.799544380996704e-07,7.936635262277297e-11
O,48,1.2869262045809085e-10,6.6568603689682e-14
Au,48,1.3732147537275184e-06,3.1036386653585556e-08
Si,48,2.092851386345146e-07,2.262037595973422e-10
C,49,1.7268344193144314e-07,7.708584846344081e-11
O,49,1.2349207135769757e-10,6.42334602501619e-14
Au,49,1.3171652105726683e-06,2.8842618265082597e-08
Si,49,2.0082055357100237e-07,2.1303741038378064e-10
C,50,1.6584439984564048e-07,7.491498595743155e-11
O,50,1.1860053767748447e-10,6.202496182809673e-14
Au,50,1.2644547775208758e-06,2.684364060702763e-08
Si,50,1.9285947154817162e-07,2.0088065060509064e-10
C,51,1.5940376093565673e-07,7.284645576052477e-11
O,51,1.1399401211373855e-10,5.993390850606105e-14
Au,51,1.2148227074118093e-06,2.5018765615626377e-08
Si,51,1.8536273121347255e-07,1.8963813428425958e-10
C,52,1.5333117310982884e-07,7.090610748333603e-11
O,52,1.0965076192686178e-10,5.801235156028892e-14
Au,52,1.1680632245602794e-06,2.3347454104051578e-08
Si,52,1.7829489343876797e-07,1.7960755797263895e-10
C,53,1.4759908313841845e-07,6.906009234717001e-11
O,53,1.0555109213931743e-10,5.620047143625636e-14
Au,53,1.1239199538213503e-06,2.181599890587033e-08
Si,53,1.7162368303888328e-07,1.7036556691173565e-10
C,54,1.42182529860801e-07,6.729531299973613e-11
O,54,1.016771385249234e-10,5.447748401418143e-14
Au,54,1.08220862012418e-06,2.0410866647270586e-08
Si,54,1.6532012342728272e-07,1.6175879379209387e-10
C,55,1.3705876604128357e-07,6.561393838033518e-11
O,55,9.801262474383921e-11,5.2852917479236776e-14
Au,55,1.04283885197037e-06,1.912172557339837e-08
Si,55,1.5935770210571648e-07,1.538413946910093e-10
C,56,1.322070565271331e-07,6.402128250126758e-11
O,56,9.454270136417258e-11,5.134241038590091e-14
Au,56,1.005520228617048e-06,1.7940137734374747e-08
Si,56,1.5371208081047902e-07,1.4670354864611964e-10
C,57,1.276084867143541e-07,6.249446054260864e-11
O,57,9.125385128045864e-11,4.9900676544954926e-14
Au,57,9.70141759865113e-07,1.6850577105345842e-08
Si,57,1.48361330184602e-07,1.400145689726169e-10
C,58,1.2324574757167236e-07,6.102966651862495e-11
O,58,8.81336908234374e-11,4.852345899713217e-14
Au,58,9.365678645922668e-07,1.5844445479853723e-08
Si,58,1.4328526430095822e-07,1.3373907979043569e-10
C,59,1.1910298322261509e-07,5.963198655431283e-11
O,59,8.517087488826312e-11,4.722605774540597e-14
Au,59,9.049181198069229e-07,1.4914104470134378e-08
Si,59,1.3846531504140077e-07,1.279932049269622e-10
C,60,1.1516564324220829e-07,5.829711689262382e-11
O,60,8.235498363217566e-11,4.600232432402613e-14
Au,60,8.746750990121427e-07,1.4052700196176267e-08
Si,60,1.3388457381817848e-07,1.2272145983437642e-10
C,61,1.114203738458394e-07,5.701346024052009e-11
O,61,7.96764757941175e-11,4.4829751067094435e-14
Au,61,8.458806646780115e-07,1.325407626385284e-08
Si,61,1.2952750066731874e-07,1.1774868062931252e-10
C,62,1.0785488221115019e-07,5.577825971488248e-11
O,62,7.712655719577305e-11,4.3705412112402616e-14
Au,62,8.184370379950929e-07,1.251273778325797e-08
Si,62,1.2537976555406778e-07,1.1305341990106457e-10
C,63,1.0445785264131473e-07,5.4595013618814e-11
O,63,7.469712231317798e-11,4.263889331642937e-14
Au,63,7.929651783900773e-07,1.1821400913177822e-08
Si,63,1.2142820493862703e-07,1.0872274725366591e-10
C,64,1.0121881281062015e-07,5.3461526304182084e-11
O,64,7.238069141334099e-11,4.1627954031080215e-14
Au,64,7.680980995970295e-07,1.1175791431759858e-08
Si,64,1.1766049047431337e-07,1.0473666395152584e-10
C,65,9.812812949134026e-08,5.236860431476519e-11
O,65,7.017037254345281e-11,4.06561058753138e-14
Au,65,7.442987741002398e-07,1.0574644959875501e-08
Si,65,1.1406549425584453e-07,1.0095517007346527e-10
C,66,9.517687873864579e-08,5.1314204779537735e-11
O,66,6.805978198403606e-11,3.9721270172283276e-14
Au,66,7.214933721078679e-07,1.001428435827036e-08
Si,66,1.1063281713911081e-07,9.736485507194851e-11
C,67,9.235679913073453e-08,5.0297485358142334e-11
O,67,6.604302189129629e-11,3.8824440381057785e-14
Au,67,6.981871929071151e-07,9.491930569234477e-09
Si,67,1.0735275249112664e-07,9.398114792214788e-11
C,68,8.966022056255842e-08,4.9321123412978644e-11
O,68,6.41145775803263e-11,3.797600607077806e-14
Au,68,6.779392636901186e-07,9.006724201922062e-09
Si,68,1.0421647488844575e-07,9.09058800220493e-11
C,69,8.708004350825036e-08,4.837755706391479e-11
O,69,6.226938667522772e-11,3.715809691975178e-14
Au,69,6.585895761005643e-07,8.55286967726768e-09
Si,69,1.0121568526101595e-07,8.797396050218045e-11
C,70,8.46096634880432e-08,4.7465233008526545e-11
O,70,6.050272489274285e-11,3.636919579798363e-14
Au,70,6.399961133296203e-07,8.127929909042756e-09
Si,70,9.83426895921968e-08,8.51767726189255e-11
C,71,8.224293785681012e-08,4.6582692306662755e-11
O,71,5.881019833146016e-11,3.5607881212761714e-14
Au,71,6.220306095267268e-07,7.729688336728343e-09
Si,71,9.559033216522535e-08,8.250633063567502e-11
C,72,7.997413350188447e-08,4.573071558753771e-11
O,72,5.7187710571218007e-11,3.487963062396914e-14
Au,72,6.030317683415239e-07,7.35749944623921e-09
Si,72,9.295198989435621e-08,8.002672833348042e-11
C,73,7.779794343628387e-08,4.490750813880269e-11
O,73,5.563145400641877e-11,3.4181555910510814e-14
Au,73,5.865695565029493e-07,7.009086552419465e-09
Si,73,9.042132757434576e-08,7.771198256859267e-11
C,74,7.570938701845765e-08,4.411001998583083e-11
O,74,5.413787307255528e-11,3.350666765787005e-14
Au,74,5.705449599105138e-07,6.681581455141608e-09
Si,74,8.799264397243129e-08,7.549433258249572e-11
C,75,7.370382132634546e-08,4.33371160871655e-11
O,75,5.2703646755258144e-11,3.285389778609958e-14
Au,75,5.547421008955122e-07,6.373471895996728e-09
Si,75,8.566053202489194e-08,7.336847465962508e-11
C,76,7.177690688683981e-08,4.258772573825663e-11
O,76,5.1325671108216887e-11,3.222224078067704e-14
Au,76,5.389667670816462e-07,6.08337314740571e-09
Si,76,8.341993822096234e-08,7.132946026868615e-11
C,77,6.992458820086983e-08,4.186250387860402e-11
O,77,5.0001042028590214e-11,3.1615930017100936e-14
Au,77,5.223209289441703e-07,5.811111814619074e-09
Si,77,8.126616530993802e-08,6.943201574753898e-11
C,78,6.814305400855813e-08,4.115977464517028e-11
O,78,4.8727035940019425e-11,3.103180592058782e-14
Au,78,5.073733629842564e-07,5.554970034981569e-09
Si,78,7.919469204684071e-08,6.764465015450216e-11
C,79,6.64287487782548e-08,4.0477570426707463e-11
O,79,4.750111073805845e-11,3.046571064314519e-14
Au,79,4.916598681156096e-07,5.313168766720812e-09
Si,79,7.720143763899229e-08,6.592519520975661e-11
C,80,6.477833187084692e-08,3.981504315981395e-11
O,80,4.6320877030084194e-11,2.991686994097651e-14
Au,80,4.744404783818841e-07,5.084003819973939e-09
Si,80,7.52825127516468e-08,6.427025929755765e-11
C,81,6.318866758915798e-08,3.917138983948945e-11
O,81,4.518409201670786e-11,2.9384551942547675e-14
Au,81,4.5977365532668077e-07,1.3979654706194838e-08
Si,81,7.343426674923723e-08,6.267665971346586e-11
C,82,6.165681590659399e-08,3.854630988242371e-11
O,82,4.4088649518357534e-11,2.887017625928747e-14
Au,82,4.549843696748581e-07,1.9583010761354017e-08
Si,82,7.165324851801142e-08,6.116671926965172e-11
C,83,6.017999288639945e-08,3.793946181116299e-11
O,83,4.3032563552539355e-11,2.8374818492907822e-14
Au,83,4.4679379115240916e-07,1.876735463219116e-08
Si,83,6.993625662349038e-08,5.975774891681486e-11
C,84,5.8755602261064335e-08,3.734926502577773e-11
O,84,4.2013975421831694e-11,2.7893741198634198e-14
Au,84,4.3799029182282556e-07,1.799400184157508e-08
Si,84,6.82802588283201e-08,5.839753061127405e-11
C,85,5.7381191022479163e-08,3.6775072460308394e-11
O,85,4.103113066269688e-11,2.7426369943429996e-14
Au,85,4.2930247221086836e-07,1.7261110842676134e-08
Si,85,6.668239980764976e-08,5.7083826802138505e-11
C,86,5.6054447951178157e-08,3.6216269412103976e-11
O,86,4.0082376228449346e-11,2.697215979545457e-14
Au,86,4.207382195012029e-07,1.656612536755194e-08
Si,86,6.513998934114526e-08,5.5814527323238714e-11
C,87,5.477319389418109e-08,3.567227157040968e-11
O,87,3.9166153535060107e-11,2.653059348809479e-14
Au,87,4.123045163880207e-07,1.590667777050966e-08
Si,87,6.365049098931241e-08,5.4587640767679776e-11
C,88,5.353537089359048e-08,3.5142479575328825e-11
O,88,3.828099235715626e-11,2.610358952517767e-14
Au,88,4.052733980699709e-07,1.5279029747991592e-08
Si,88,6.221152230134341e-08,5.343887566157812e-11
C,89,5.233904039125765e-08,3.462639240458019e-11
O,89,3.742550169705284e-11,2.568913392825181e-14
Au,89,3.964109020374603e-07,1.4682220868425664e-08
Si,89,6.082078695166911e-08,5.2341866731554916e-11
C,90,5.118236783287026e-08,3.412352458003546e-11
O,90,3.659837232224557e-11,2.5285780175655716e-14
Au,90,3.878484523720657e-07,1.411500624420065e-08
Si,90,5.947617751735737e-08,5.1279260536684645e-11
C,91,5.0063619511092036e-08,3.363339619048584e-11
O,91,3.579836427270027e-11,2.4893112431164477e-14
Au,91,3.795717716766738e-07,1.3575613603597979e-08
Si,91,5.8175676391037075e-08,5.02496136919447e-11
C,92,4.898115543059556e-08,3.3155549765755015e-11
O,92,3.502430461524024e-11,2.4510734774994228e-14
Au,92,3.715673919230608e-07,1.3062394667561306e-08
Si,92,5.69173750600455e-08,4.9251558331847845e-11
C,93,4.793342329471252e-08,3.268954899771003e-11
O,93,3.427508314239664e-11,2.4138270046471977e-14
Au,93,3.638226009060169e-07,1.2573815251954018e-08
Si,93,5.5699467104409776e-08,4.828379739313986e-11
C,94,4.6918951902321275e-08,3.2234741746799096e-11
O,94,3.3549647812351177e-11,2.3777332457406138e-14
Au,94,3.570084275032061e-07,1.2106845720281497e-08
Si,94,5.452022281984255e-08,4.737226707857471e-11
C,95,4.593634804047027e-08,3.1790869523916094e-11
O,95,3.284700146355393e-11,2.3426410703071228e-14
Au,95,3.495547075295597e-07,1.1661187092545037e-08
Si,95,5.337804673716983e-08,4.6499448838859814e-11
C,96,4.4984291861018544e-08,3.1357662002917805e-11
O,96,3.216620073674052e-11,2.308426192558472e-14
Au,96,3.423504171046545e-07,1.1236345355051573e-08
Si,96,5.22713955725141e-08,4.5651600922970627e-11
C,97,4.406153011835606e-08,3.093475581776848e-11
O,97,3.150634932117114e-11,2.2750578806134657e-14
Au,97,3.3538368175706565e-07,1.0831146259352038e-08
Si,97,5.1198811119470076e-08,4.48277598825776e-11
C,98,4.3166873181969333e-08,3.052180355872074e-11
O,98,3.0866596405368065e-11,2.2425067811054955e-14
Au,98,3.286432797572594e-07,1.0444492952584605e-08
Si,98,5.015890921390445e-08,4.4027008857583513e-11
C,99,4.229919120051059e-08,3.011847291778448e-11
O,99,3.024613393346117e-11,2.210744844075515e-14
Au,99,3.2211860074820986e-07,1.0075360155534352e-08
Si,99,4.915037526833913e-08,4.324847487722437e-11
C,100,4.145741405757271e-08,2.972443376918024e-11
O,100,2.964419571626298e-11,2.1797845965444007e-14
Au,100,3.169917187159114e-07,9.722841413889902e-09
Si,100,4.817195613027389e-08,4.249834232794843e-11
C,101,4.064051373426078e-08,2.933935804118475e-11
O,101,2.9060046471052287e-11,2.1496768790913554e-14
Au,101,3.1095329018657646e-07,9.386135794162683e-09
Si,101,4.7222459245468714e-08,4.178934754816748e-11
C,102,3.984752299202119e-08,2.8962991552178825e-11
O,102,2.849299544519204e-11,2.120275542460977e-14
Au,102,3.050613847276629e-07,9.064237328610861e-09
Si,102,4.630076446098761e-08,4.1098992540899004e-11
C,103,3.907751777824412e-08,2.8595054808123242e-11
O,103,2.7942381790377635e-11,2.0915573295860363e-14
Au,103,2.9931249279761475e-07,8.756359118534516e-09
Si,103,4.5405796821382716e-08,4.0426611643777434e-11
C,104,3.832961825265226e-08,2.823527988167624e-11
O,104,2.740757627847496e-11,2.063499964965234e-14
Au,104,2.9370321095912557e-07,8.46176315938771e-09
Si,104,4.4536532817018494e-08,3.977156911780691e-11
C,105,3.760298627293928e-08,2.788340982807091e-11
O,105,2.6887979503233582e-11,2.0360821042996906e-14
Au,105,2.8823023818860697e-07,8.179756871354656e-09
Si,105,4.369199745783469e-08,3.913325753095795e-11
C,106,3.6896823045663926e-08,2.7539198135715305e-11
O,106,2.638302020019376e-11,2.0092832871633872e-14
Au,106,2.8289037231818505e-07,7.909689906146397e-09
Si,106,4.287126153945877e-08,3.851109624345697e-11
C,107,3.621036337198589e-08,2.720209495805236e-11
O,107,2.5892153341613795e-11,1.9831214916962745e-14
Au,107,2.7754379986345485e-07,7.651150506657934e-09
Si,107,4.2073471392011365e-08,3.791180303886361e-11
C,108,3.5542887388165365e-08,2.6871660304268296e-11
O,108,2.5414859158971835e-11,1.957603332837784e-14
Au,108,2.7251379363298057e-07,7.403684570863108e-09
Si,108,4.129771224512398e-08,3.7339700928102856e-11
C,109,3.4893698647848396e-08,2.654822992138174e-11
O,109,2.4950642333692954e-11,1.9326442142484434e-14
Au,109,2.676076076764516e-07,7.166393880365309e-09
Si,109,4.0543214869192246e-08,3.6781386347924476e-11
C,110,3.42621351600851e-08,2.6231593103085534e-11
O,110,2.4499029445077364e-11,1.9082269268204886e-14
Au,110,2.628217622204314e-07,6.93877238043448e-09
Si,110,3.980920928158516e-08,3.6236405057233765e-11
C,111,3.364756461926589e-08,2.592154732017191e-11
O,111,2.4059568302488646e-11,1.8843349411952292e-14
Au,111,2.581529065618864e-07,6.720343466854399e-09
Si,111,3.9094960036105045e-08,3.5704321726266933e-11
C,112,3.304938282194738e-08,2.561789783311871e-11
O,112,2.3631826813090693e-11,1.8609523750942914e-14
Au,112,2.5359781314359776e-07,6.510658027197905e-09
Si,112,3.839976438079433e-08,3.518471898790277e-11
C,113,3.2467012181315224e-08,2.5320457326291618e-11
O,113,2.321539191941438e-11,1.8380639624956326e-14
Au,113,2.4915337195270605e-07,6.309292628371694e-09
Si,113,3.7722950529366763e-08,3.4677196544517236e-11
C,114,3.189990077237674e-08,2.502904177776155e-11
O,114,2.2809869686393544e-11,1.8156553054629555e-14
Au,114,2.447873238724425e-07,6.115840704235105e-09
Si,114,3.7063868375079574e-08,3.4181475796291094e-11
C,115,3.134751856604599e-08,2.4742945463662554e-11
O,115,2.241487937963114e-11,1.793751765548514e-14
Au,115,2.405869163108204e-07,5.92894174038776e-09
Si,115,3.6421914917726866e-08,3.371198166788008e-11
C,116,3.08093609472521e-08,2.4462554208217907e-11
O,116,2.2030061047953256e-11,1.772298694323242e-14
Au,116,2.364877438881467e-07,5.749299105208019e-09
Si,116,3.579649813247244e-08,3.325291788033012e-11
C,117,3.028494367014049e-08,2.4187706522911575e-11
O,117,2.1655068389395033e-11,1.751283062791787e-14
Au,117,2.3248684878036948e-07,5.576572114493443e-09
Si,117,3.5187054841558335e-08,3.280396576328826e-11
C,118,2.9773802920920193e-08,2.391824681835959e-11
O,118,2.1289569714182543e-11,1.7306923258416834e-14
Au,118,2.285813855975757e-07,5.4104388007367675e-09
Si,118,3.45930456353269e-08,3.2364818994040437e-11
C,119,2.9275494292012598e-08,2.3654025141118823e-11
O,119,2.0933247211069343e-11,1.710514400363722e-14
Au,119,2.2476861615286428e-07,5.250594737827708e-09
Si,119,3.4013953678685994e-08,3.1935183019579417e-11
C,120,2.8789591815791233e-08,2.339489692433106e-11
O,120,2.0585796256291754e-11,1.6907376445354604e-14
Au,120,2.21045904517916e-07,5.096751948636889e-09
Si,120,3.34492835869138e-08,3.1514774510302415e-11
C,121,2.8315687053988814e-08,2.31407227513662e-11
O,121,2.0246924762336547e-11,1.671350838196932e-14
Au,121,2.1741071234723015e-07,4.948637889006761e-09
Si,121,3.2898560366236963e-08,3.1103320843360845e-11
C,122,2.7853391185671733e-08,2.2891261553268285e-11
O,122,1.9916351149712338e-11,1.6523508510991904e-14
Au,122,2.1374270442592419e-07,4.806062783395326e-09
Si,122,3.23613246138037e-08,3.070200157499811e-11
C,123,2.740232188363679e-08,2.2645855126116404e-11
O,123,1.9593808812183493e-11,1.6337653291427722e-14
Au,123,2.1030422120250444e-07,4.669110928265489e-09
Si,123,3.1837140342445204e-08,3.0317690522128716e-11
C,124,2.6962121813709955e-08,2.2405034911212695e-11
O,124,1.9279038949574845e-11,1.6155368215514624e-14
Au,124,2.0694587573300484e-07,4.537123565464718e-09
Si,124,3.132559082853114e-08,2.994124382154299e-11
C,125,2.6532444544438932e-08,2.2168679242816658e-11
O,125,1.897179381970765e-11,1.5976556734421753e-14
Au,125,2.0366527517189444e-07,4.409882847297107e-09
Si,125,3.082627324063592e-08,2.9572439048505096e-11
C,126,2.6112957337139974e-08,2.1936670621586152e-11
O,126,1.867183547275948e-11,1.5801125654712693e-14
Au,126,2.004601174247048e-07,4.287182121763246e-09
Si,126,3.0338800672356774e-08,2.921106178065576e-11
C,127,2.5703340501547638e-08,2.1708895540257844e-11
O,127,1.837893529044904e-11,1.5628984996271116e-14
Au,127,1.9732818699754363e-07,4.1688252744082285e-09
Si,127,2.98628013928236e-08,2.8856905249490944e-11
C,128,2.5303286786564476e-08,2.1485244317925217e-11
O,128,1.809287355032342e-11,1.54600478573039e-14
Au,128,1.942673510680282e-07,4.054626113650538e-09
Si,128,2.9397918138039656e-08,2.8509770009618424e-11
C,129,2.4912500803941842e-08,2.1265610942424957e-11
O,129,1.7813439013596903e-11,1.5294230286016294e-14
Au,129,1.9127555576417327e-07,3.944407796408024e-09
Si,129,2.894380744053024e-08,2.8169463624754422e-11
C,130,2.4530698482873594e-08,2.1049892920377495e-11
O,130,1.7540428535097723e-11,1.5131451158581223e-14
Au,130,1.8835082263869215e-07,3.838002291092046e-09
Si,130,2.8500138994951232e-08,2.7835800369490975e-11
C,131,2.415760650708905e-08,2.0837500825580645e-11
O,131,1.727364699159598e-11,1.49718029296285e-14
Au,131,1.8546855792938788e-07,3.735576938289598e-09
Si,131,2.8066595113522078e-08,2.7513763502141782e-11
C,132,2.379296194740772e-08,2.062866654305362e-11
O,132,1.7012904979713138e-11,1.4815095379102314e-14
Au,132,1.8268088336627962e-07,3.63674850407218e-09
Si,132,2.7642868659620273e-08,2.7199710163122422e-11
C,133,2.343651171477163e-08,2.0423477746992586e-11
O,133,1.675802257818208e-11,1.4661192292756008e-14
Au,133,1.7995459161689311e-07,3.5412512053679252e-09
Si,133,2.7228666704580688e-08,2.6891571415599776e-11
C,134,2.3088012109474196e-08,2.0221844102853673e-11
O,134,1.6508825516860355e-11,1.4510022956776577e-14
Au,134,1.772879249491407e-07,3.4489489681872795e-09
Si,134,2.6823705900213075e-08,2.6589192645051495e-11
C,135,2.2747228424344404e-08,2.0023678166339536e-11
O,135,1.6265145956296848e-11,1.4361518950246798e-14
Au,135,1.7467918899038448e-07,3.3597122347193193e-09
Si,135,2.642771335586724e-08,2.6292424391992838e-11
C,136,2.24139345494779e-08,1.982889527037879e-11
O,136,1.6026822205066074e-11,1.4215614054508552e-14
Au,136,1.7212674998644187e-07,3.2734176061002855e-09
Si,136,2.604042617871174e-08,2.600112214352986e-11
C,137,2.208791259709056e-08,1.963741341731747e-11
O,137,1.5793698451492556e-11,1.4072244166743325e-14
Au,137,1.6962903219853155e-07,3.189947507207925e-09
Si,137,2.566159103741829e-08,2.5715146134798796e-11
C,138,2.1768952545331805e-08,1.9449153176044772e-11
O,138,1.5565624508933927e-11,1.3931347217544818e-14
Au,138,1.671845154302581e-07,3.1091898719753273e-09
Si,138,2.5290963747899397e-08,2.5434361159753864e-11
C,139,2.1456851899970826e-08,1.9264037583794764e-11
O,139,1.534245557384541e-11,1.3792863092272042e-14
Au,139,1.6479173267724614e-07,3.031037847830578e-09
Si,139,2.4928308879834952e-08,2.515863639080049e-11
C,140,2.1151413321582366e-08,1.9081552753015794e-11
O,140,1.5124053474669283e-11,1.365671458574624e-14
Au,140,1.6244187280903204e-07,2.955675614921021e-09
Si,140,2.457339996260732e-08,2.4891514200334507e-11
C,141,2.0852452538870396e-08,1.8901928378001602e-11
O,141,1.491028036454003e-11,1.3522858330006092e-14
Au,141,1.601519501837251e-07,2.8827990201871974e-09
Si,141,2.4226013734933757e-08,2.463033954476978e-11
C,142,2.0559785717522362e-08,1.8725246494110667e-11
O,142,1.4701007906265594e-11,1.339124620920382e-14
Au,142,1.579095841378101e-07,2.8122154403491335e-09
Si,142,2.388594259957043e-08,2.437372212705414e-11
C,143,2.0273237413528623e-08,1.8551438682988362e-11
O,143,1.449611064142294e-11,1.326182519053315e-14
Au,143,1.5571348130181524e-07,2.7438373333788084e-09
Si,143,2.355298259708926e-08,2.4121551168318744e-11
C,144,1.999263825358687e-08,1.838043858067834e-11
O,144,1.429546745275647e-11,1.3134543853541816e-14
Au,144,1.5356239238946723e-07,2.677581078998091e-09
Si,144,2.322693682652648e-08,2.387371933187491e-11
C,145,1.9717824684767132e-08,1.8212181802208033e-11
O,145,1.4098961385161622e-11,1.3009352330343858e-14
Au,145,1.514551103982696e-07,2.613366777380839e-09
Si,145,2.2907615154286643e-08,2.3630122593293652e-11
C,146,1.9448638736138062e-08,1.8046605869439677e-11
O,146,1.390647947522216e-11,1.2886202248443047e-14
Au,146,1.4939046889543074e-07,2.5511180594838288e-09
Si,146,2.259483393695643e-08,2.3390660116244356e-11
C,147,1.9184927791705482e-08,1.788365014202363e-11
O,147,1.3717912588836963e-11,1.2765046676035839e-14
Au,147,1.4736734038453608e-07,2.490761908261085e-09
Si,147,2.2288415757273694e-08,2.3155234133798835e-11
C,148,1.8926544374054095e-08,1.7723255751301748e-11
O,148,1.3533155266500781e-11,1.2645840069670814e-14
Au,148,1.4538463474864123e-07,2.4322284900681904e-09
Si,148,2.1988189172543062e-08,2.2923749834925643e-11
C,149,1.8673345991255343e-08,1.7565326077015643e-11
O,149,1.3352105596608708e-11,1.2528564349252409e-14
Au,149,1.434370186357881e-07,2.3755018706502775e-09
Si,149,2.1693984352841514e-08,2.2696574513817958e-11
C,150,1.842519422540534e-08,1.7409598390665854e-11
O,150,1.317466482686819e-11,1.241331371450808e-14
Au,150,1.4153385425239226e-07,2.320779237014111e-09
Si,150,2.140564649682662e-08,2.2476027080344664e-11
C,151,1.8181956383503517e-08,1.7256272368404393e-11
O,151,1.3000737853598512e-11,1.2299878542414653e-14
Au,151,1.3966802030401375e-07,2.2676683430086725e-09
Si,151,2.1123019500198534e-08,2.2259066928446496e-11
C,152,1.7943503575701344e-08,1.7105295431595903e-11
O,152,1.2830232508425246e-11,1.2188218494417426e-14
Au,152,1.3783855391704635e-07,2.216111511428853e-09
Si,152,2.0845953540660067e-08,2.2045612528394436e-11
C,153,1.7709711110472623e-08,1.6956616488447955e-11
O,153,1.2663059625232015e-11,1.2078294385729898e-14
Au,153,1.3604452326323295e-07,2.166053489603597e-09
Si,153,2.0574303676638956e-08,2.1835584723395785e-11
C,154,1.7480458331574725e-08,1.6810185882593954e-11
O,154,1.2499132923568412e-11,1.1970068145064999e-14
Au,154,1.3428502636228253e-07,2.1174413325183195e-09
Si,154,2.0307929657733686e-08,2.162890664559163e-11
C,155,1.725562846234901e-08,1.6665955343773775e-11
O,155,1.2338368897306304e-11,1.1863502776022087e-14
Au,155,1.325591899381223e-07,2.0702242922834203e-09
Si,155,2.00466957436926e-08,2.142550363555014e-11
C,156,1.7035108456985248e-08,1.652387794051415e-11
O,156,1.2180686708276355e-11,1.1758562320051626e-14
Au,156,1.3086616832605353e-07,2.0243537135661445e-09
Si,156,1.9790470531490038e-08,2.1225303165088933e-11
C,157,1.681878885839642e-08,1.6383908034715022e-11
O,157,1.2026008084631717e-11,1.1655211820923452e-14
Au,157,1.2920514242823533e-07,1.979782934628497e-09
Si,157,1.95391267900882e-08,2.1028234763267655e-11
C,158,1.6606563662370197e-08,1.624600123805397e-11
O,158,1.1874257223700373e-11,1.1553417290628442e-14
Au,158,1.2757531871506677e-07,1.9364671936372266e-09
Si,158,1.9292541302497004e-08,2.0834229945402654e-11
C,159,1.6398330187682234e-08,1.6110114370124664e-11
O,159,1.1725360699100926e-11,1.1453145676646886e-14
Au,159,1.2597592827017237e-07,1.8943635399340225e-09
Si,159,1.9050594714765506e-08,2.0643222144960738e-11
C,160,1.6193990342618007e-08,1.597584981301722e-11
O,160,1.157924711021351e-11,1.135426439151481e-14
Au,160,1.2440449129512384e-07,1.8536543106032093e-09
Si,160,1.881318035136449e-08,2.0456937781068307e-11
C,161,1.599344492476144e-08,1.584347521871768e-11
O,161,1.1435847933430694e-11,1.1256829370526076e-14
Au,161,1.228647540314037e-07,1.814099647385469e-09
Si,161,1.858016773284807e-08,2.0273757064364234e-11
C,162,1.5796601903073833e-08,1.5713006983911073e-11
O,162,1.1295096205852594e-11,1.116082605595688e-14
Au,162,1.213532627143613e-07,1.7756261669788224e-09
Si,162,1.8351457702019557e-08,2.0093335710850482e-11
C,163,1.560337069876295e-08,1.5584406139541783e-11
O,163,1.1156927155880897e-11,1.1066224766191104e-14
Au,163,1.198693343334681e-07,1.738197913636731e-09
Si,163,1.8126944976446055e-08,1.9915615503770838e-11
C,164,1.5413663486171074e-08,1.545763474566334e-11
O,164,1.1021277980680684e-11,1.0972996611985594e-14
Au,164,1.1841230649190834e-07,1.7017803377058935e-09
Si,164,1.7906527474109997e-08,1.974053980163719e-11
C,165,1.5227395092964895e-08,1.5332655858195405e-11
O,165,1.088808777480543e-11,1.0881113470648833e-14
Au,165,1.1698153666280067e-07,1.6663402325122516e-09
Si,165,1.769010619737477e-08,1.9568053486329067e-11
C,166,1.5044482904521534e-08,1.520943349694789e-11
O,166,1.0757297461822782e-11,1.0790547961210945e-14
Au,166,1.1557640147658437e-07,1.6318456744404623e-09
Si,166,1.7477585121828907e-08,1.9398102913204367e-11
C,167,1.486484677231031e-08,1.5087932614857096e-11
O,167,1.0628849728797663e-11,1.0701273420541885e-14
Au,167,1.1419629603808301e-07,1.5982659660270304e-09
Si,167,1.7268871089775754e-08,1.92306358631331e-11
C,168,1.4688408926080507e-08,1.496811906838093e-11
O,168,1.0502688963497183e-11,1.0613263880376101e-14
Au,168,1.1284063327184174e-07,1.565571581898762e-09
Si,168,1.7063873708148e-08,1.9065601496368214e-11
C,169,1.451509388967557e-08,1.4849959589002354e-11
O,169,1.03787611941888e-11,1.052649404520374e-14
Au,169,1.1150884329440663e-07,1.5337341173983557e-09
Si,169,1.686250525063836e-08,1.8902950308172797e-11
C,170,1.4344828400303518e-08,1.4733421755794255e-11
O,170,1.0257014031910098e-11,1.044093927099123e-14
Au,170,1.102003728122857e-07,1.502726239748638e-09
Si,170,1.666468056384846e-08,1.8742634086127125e-11
C,171,1.417754127396917e-08,1.46179439865744e-11
O,171,1.0137396517608668e-11,1.0356626756557709e-14
Au,171,1.0891354620698248e-07,1.472628963360226e-09
Si,171,1.647032202341316e-08,1.8585927450678657e-11
C,172,1.4013163445081496e-08,1.4503968032613644e-11
O,172,1.001985927053581e-11,1.0273487409805112e-14
Au,172,1.0765068928398298e-07,1.4433184948390548e-09
Si,172,1.627933830150846e-08,1.8431604683091443e-11
C,173,1.3851627899030982e-08,1.4391533782463839e-11
O,173,9.904354422184581e-12,1.0191491664211424e-14
Au,173,1.0640957591606767e-07,1.4147562831533988e-09
Si,173,1.6091657453713317e-08,1.8279446818373715e-11
C,174,1.3692869483210328e-08,1.4280611650290483e-11
O,174,9.790835383493957e-12,1.0110617314419517e-14
Au,174,1.0518971171046391e-07,1.3869190653464351e-09
Si,174,1.5907203757169098e-08,1.81294112341914e-11
C,175,1.3536824901196592e-08,1.417117278367558e-11
O,175,9.67925689273499e-12,1.0030842710521804e-14
Au,175,1.0399061629071414e-07,1.359784429588591e-09
Si,175,1.5725903646555856e-08,1.798145638581912e-11
C,176,1.3383432649652296e-08,1.4063189041376978e-11
O,176,9.569574970389206e-12,9.952146741092449e-15
Au,176,1.028118228217671e-07,1.3333307794107653e-09
Si,176,1.5547685640744416e-08,1.7835541772934778e-11
C,177,1.3232632957714862e-08,1.3956632971883631e-11
O,177,9.461746875806415e-12,9.874508816830695e-15
Au,177,1.0165287755375322e-07,1.307537299632808e-09
Si,177,1.537248027234124e-08,1.76916279076189e-11
C,178,1.3084367728762965e-08,1.3851477792734303e-11
O,178,9.355731065562238e-12,9.797908854790195e-15
Au,178,1.0051333938360917e-07,1.2823839238978963e-09
Si,178,1.5200220019996245e-08,1.7549676283508326e-11
C,179,1.2938580484453726e-08,1.3747697370568368e-11
O,179,9.251487153439523e-12,9.72232726316986e-15
Au,179,9.939277943375655e-08,1.2578513037286063e-09
Si,179,1.503083924335056e-08,1.7409649346056908e-11
C,180,1.279521631093021e-08,1.3645266201878825e-11
O,180,9.148975871961731e-12,9.647744926643464e-15
Au,180,9.829078064708075e-08,1.2339207790253883e-09
Si,180,1.4864274120507109e-08,1.7271510463857107e-11
C,181,1.2654221807103521e-08,1.354415939443914e-11
O,181,9.048159035409856e-12,9.57414319220616e-15
Au,181,9.720693739749276e-08,1.2105743499326293e-09
Si,181,1.470046258791292e-08,1.7135223900979147e-11
C,182,1.2515545143115605e-08,1.3444333907970092e-11
O,182,8.94900007864289e-12,9.501502653884012e-15
Au,182,9.613998356171381e-08,1.1878247845539317e-09
Si,182,1.4539347243634712e-08,1.7000905403473288e-11
C,183,1.2379135683969966e-08,1.3345676702214595e-11
O,183,8.851461706883693e-12,9.429799818098478e-15
Au,183,9.509160384964009e-08,1.1657962757382567e-09
Si,183,1.4380863807915742e-08,1.6869238216772856e-11
C,184,1.2244944277537714e-08,1.3248275209174017e-11
O,184,8.755509363524671e-12,9.35902443112905e-15
Au,184,9.406022314230005e-08,1.1442930184427276e-09
Si,184,1.422495774024423e-08,1.6739299984704944e-11
C,185,1.2112923094732879e-08,1.3152106751110908e-11
O,185,8.661108847592122e-12,9.289159553527837e-15
Au,185,9.3045476953415e-08,1.1232997351400512e-09
Si,185,1.4071573453045549e-08,1.6611058791450757e-11
C,186,1.1983025588748667e-08,1.3057149179449743e-11
O,186,8.568226875036384e-12,9.220188644554854e-15
Au,186,9.204701053510311e-08,1.1028016718944371e-09
Si,186,1.3920656849193201e-08,1.648448347857685e-11
C,187,1.1855206454024867e-08,1.2963380859668357e-11
O,187,8.476831049390297e-12,9.152095550713823e-15
Au,187,9.10644785669645e-08,1.0827845777306573e-09
Si,187,1.3772155274311324e-08,1.635954362311227e-11
C,188,1.1729421586739025e-08,1.2870780656698802e-11
O,188,8.386889833517306e-12,9.084864494676693e-15
Au,188,9.009754485669339e-08,1.0632346849207699e-09
Si,188,1.3626017470848525e-08,1.623620951637321e-11
C,189,1.1605628046756959e-08,1.2779327920817601e-11
O,189,8.298372522403097e-12,9.018480064581781e-15
Au,189,8.914588205173069e-08,1.0441386901430396e-09
Si,189,1.3482193533848237e-08,1.6114452143506283e-11
C,190,1.1483784020981442e-08,1.2689002474006986e-11
O,190,8.211249216947056e-12,8.952927203691026e-15
Au,190,8.820917136149478e-08,1.025483736470144e-09
Si,190,1.3340634868344391e-08,1.5994243163721908e-11
C,191,1.1363848788040601e-08,1.259978459676837e-11
O,191,8.125490798711715e-12,8.88819120039257e-15
Au,191,8.728710228974858e-08,1.0072573961460345e-09
Si,191,1.3201294148314503e-08,1.5875554891191348e-11
C,192,1.1245782684260352e-08,1.2511655015371515e-11
O,192,8.041068905590392e-12,8.824257678535329e-15
Au,192,8.637937237668226e-08,9.89447654112982e-10
Si,192,1.3064125277125416e-08,1.5758360276581734e-11
C,193,1.112954707086779e-08,1.2424594889522226e-11
O,193,7.957955908355087e-12,8.761112588082825e-15
Au,193,8.548568695031097e-08,9.720428922524955e-10
Si,193,1.292908334941004e-08,1.5642632889204448e-11
C,194,1.1015104302374902e-08,1.2338585800432994e-11
O,194,7.876124888048371e-12,8.69874219607422e-15
Au,194,8.460575888680377e-08,9.550318743056269e-10
Si,194,1.2796124614316165e-08,1.552834689975361e-11
C,195,1.0902417869617178e-08,1.2253428570794845e-11
O,195,7.795549042661085e-12,8.637151851600917e-15
Au,195,8.373891165891684e-08,9.385087900459452e-10
Si,195,1.2665196391841793e-08,1.541575161212229e-11
C,196,1.0791451555372475e-08,1.2169169622918815e-11
O,196,7.716203912542748e-12,8.576321785478564e-15
Au,196,8.288585500834045e-08,9.224230898251015e-10
Si,196,1.2536276989865326e-08,1.5304725055515528e-11
C,197,1.068217081178243e-08,1.2085914461554176e-11
O,197,7.638064051925178e-12,8.516226445066032e-15
Au,197,8.2045734554896e-08,9.066928610420806e-10
Si,197,1.2409316132561647e-08,1.519505706791666e-11
C,198,1.0574541672607333e-08,1.2003646123678813e-11
O,198,7.561105172630887e-12,8.456853293736957e-15
Au,198,8.121829064709513e-08,8.913085032231786e-10
Si,198,1.2284274345320275e-08,1.5086724254891362e-11
C,199,1.046853102288752e-08,1.1922348016656144e-11
O,199,7.485303595214286e-12,8.398190070640905e-15
Au,199,8.040327012551297e-08,8.762607218402255e-10
Si,199,1.2161113142979112e-08,1.497970374027022e-11
